{
	"class_name" : "PinholeCameraParameters",
	"extrinsic" : 
	[
		0.96584096720412926,
		-0.2557703475201189,
		-0.041626378651401695,
		0.0,
		0.25032593172493406,
		0.96241862334601802,
		-0.10529635009248547,
		0.0,
		0.06699368609231722,
		0.091279366596143732,
		0.99356928457836846,
		0.0,
		1.3983722711654873,
		0.91667056666358848,
		1.666729728955898,
		1.0
	],
	"intrinsic" : 
	{
		"height" : 586,
		"intrinsic_matrix" : 
		[
			507.4908866176811,
			0.0,
			0.0,
			0.0,
			507.4908866176811,
			0.0,
			585.0,
			292.5,
			1.0
		],
		"width" : 1171
	},
	"version_major" : 1,
	"version_minor" : 0
}