{
	"class_name" : "PinholeCameraParameters",
	"extrinsic" : 
	[
		0.99884364104780299,
		-0.038443868916096705,
		0.028869528592098154,
		0.0,
		0.036404550234941248,
		0.99701276707440345,
		0.068119387936425482,
		0.0,
		-0.031402061406214064,
		-0.066989635268476899,
		0.99725939419292364,
		0.0,
		1.6587414749140907,
		2.0110770179313153,
		7.917064742893249,
		1.0
	],
	"intrinsic" : 
	{
		"height" : 749,
		"intrinsic_matrix" : 
		[
			648.65302743454458,
			0.0,
			0.0,
			0.0,
			648.65302743454458,
			0.0,
			684.5,
			374.0,
			1.0
		],
		"width" : 1370
	},
	"version_major" : 1,
	"version_minor" : 0
}