{
	"class_name" : "PinholeCameraParameters",
	"extrinsic" : 
	[
		0.99884364104780288,
		-0.038443868916096392,
		0.028869528592098154,
		0.0,
		0.036404550234940936,
		0.99701276707440334,
		0.068119387936425482,
		0.0,
		-0.031402061406214037,
		-0.066989635268476885,
		0.99725939419292364,
		0.0,
		1.6587414749140901,
		2.0110770179313158,
		4.710458144588392,
		1.0
	],
	"intrinsic" : 
	{
		"height" : 650,
		"intrinsic_matrix" : 
		[
			562.9165124598851,
			0.0,
			0.0,
			0.0,
			562.9165124598851,
			0.0,
			527.0,
			324.5,
			1.0
		],
		"width" : 1055
	},
	"version_major" : 1,
	"version_minor" : 0
}